Workbook

Sheet Read me
A1: SemaSmart course content template: Japanese, Unit 1 (draft)
A2: One row per answer option. An import script reads the content sheet and creates the course content. Same format as the German template.
A4: WHAT TO EDIT
A5: Edit the white cells in columns A to Q on the content sheet. Columns R to T (grey headers) are formulas: do not type there.
A6: To add a challenge: copy the option rows of an existing challenge (including columns R to T) to the bottom, give it a new unique key and challenge_order, then change the text.
A7: The first challenge on the content sheet (rows 2 to 4) is the worked example of the format.
A9: CHALLENGE TYPES
A10: SELECT: the student sees an English prompt and picks the matching Japanese card from a grid. Options are spoken when tapped.
A11: ASSIST: the student sees a Japanese word or phrase and picks its English meaning from a list.
A12: LISTEN: the student hears the audio of the correct option and picks the matching text from text-only cards. This type does not exist in the app yet: add it first (see the prompt in the chat) before importing these rows.
A14: RULES
A15: 1. Exactly one correct option per challenge and 2 to 4 options. The checks sheet and column T flag any breach.
... A31: COLUMN GUIDE (example values from the first challenge)
A32: column | B32: required | C32: what to enter | D32: example
A33: key | B33: yes | C33: Stable id of the challenge. Same on every option row of that challenge. Never change it once students use it. | D33: ja-u01-l01-c01
A34: course | B34: yes | C34: Course title exactly as in the app. Create the course in /admin first (title and flag image). | D34: Japanese
A35: unit_order / unit_title / unit_description | B35: yes | C35: Unit number, label and the one-line description shown on the unit banner. | D35: 1 / Unit 1 / Hiragana, greetings and numbers 1 to 5
A36: lesson_order / lesson_title | B36: yes | C36: Lesson number within the unit and its title. | D36: 1 / Vowels: あ い う え お
A37: challenge_order | B37: yes | C37: Position of the challenge within the lesson (1, 2, 3 ...). | D37: 1
A38: type | B38: yes | C38: SELECT, ASSIST or LISTEN (see below). | D38: SELECT
A39: question | B39: yes | C39: SELECT: the full English prompt. ASSIST: the Japanese word or phrase to translate. LISTEN: the instruction shown above the speaker button. | D39: Which one of these is "a"?
A40: option_text | B40: yes | C40: One answer option per row. 2 to 4 options per challenge. | D40: い
A41: correct | B41: yes | C41: TRUE for exactly one option per challenge, FALSE for the rest. | D41: =FALSE() -> FALSE
A42: image_file | B42: no | C42: Optional file name of an image in the app's public folder. Leave empty if there is none. | D42: (empty)
A43: audio_text | B43: no | C43: Text to turn into speech for this option. Required on the correct option of every LISTEN challenge. Empty for English options. | D43: kana, e.g. あ
A44: audio_file | B44: no | C44: Filled in by the audio pipeline later. Do not type here. | D44: (empty)
A45: status | B45: yes | C45: draft, reviewed or rejected (see workflow). | D45: draft
A46: notes | B46: no | C46: Free text for reviewers. Not imported. | D46: (empty)

Sheet content
A1: key | B1: course | C1: unit_order | D1: unit_title | E1: unit_description | F1: lesson_order | G1: lesson_title | H1: challenge_order | I1: type | J1: question | K1: option_text | L1: correct | M1: image_file | N1: audio_text | O1: audio_file | P1: status | Q1: notes | R1: options_in_challenge (calc) | S1: correct_in_challenge (calc) | T1: check (calc)
A2: ja-u01-l01-c01 | B2: Japanese | C2: 1 | D2: Unit 1 | E2: Hiragana, greetings and numbers 1 to 5 | F2: 1 | G2: Vowels: あ い う え お | H2: 1 | I2: SELECT | J2: Which one of these is "a"? | K2: い | L2: =FALSE() -> FALSE | N2: い | P2: draft | R2: =COUNTIF($A$2:$A$2000,A2) -> 3 | S2: =COUNTIFS($A$2:$A$2000,A2,$L$2:$L$2000,TRUE()) -> 1 | T2: =IF(AND(R2>=2,R2<=4,S2=1),"OK","CHECK") -> OK
A3: ja-u01-l01-c01 | B3: Japanese | C3: 1 | D3: Unit 1 | E3: Hiragana, greetings and numbers 1 to 5 | F3: 1 | G3: Vowels: あ い う え お | H3: 1 | I3: SELECT | J3: Which one of these is "a"? | K3: う | L3: =FALSE() -> FALSE | N3: う | P3: draft | R3: =COUNTIF($A$2:$A$2000,A3) -> 3 | S3: =COUNTIFS($A$2:$A$2000,A3,$L$2:$L$2000,TRUE()) -> 1 | T3: =IF(AND(R3>=2,R3<=4,S3=1),"OK","CHECK") -> OK
A4: ja-u01-l01-c01 | B4: Japanese | C4: 1 | D4: Unit 1 | E4: Hiragana, greetings and numbers 1 to 5 | F4: 1 | G4: Vowels: あ い う え お | H4: 1 | I4: SELECT | J4: Which one of these is "a"? | K4: あ | L4: =TRUE() -> TRUE | N4: あ | P4: draft | R4: =COUNTIF($A$2:$A$2000,A4) -> 3 | S4: =COUNTIFS($A$2:$A$2000,A4,$L$2:$L$2000,TRUE()) -> 1 | T4: =IF(AND(R4>=2,R4<=4,S4=1),"OK","CHECK") -> OK
A5: ja-u01-l01-c02 | B5: Japanese | C5: 1 | D5: Unit 1 | E5: Hiragana, greetings and numbers 1 to 5 | F5: 1 | G5: Vowels: あ い う え お | H5: 2 | I5: SELECT | J5: Which one of these is "i"? | K5: え | L5: =FALSE() -> FALSE | N5: え | P5: draft | R5: =COUNTIF($A$2:$A$2000,A5) -> 3 | S5: =COUNTIFS($A$2:$A$2000,A5,$L$2:$L$2000,TRUE()) -> 1 | T5: =IF(AND(R5>=2,R5<=4,S5=1),"OK","CHECK") -> OK
A6: ja-u01-l01-c02 | B6: Japanese | C6: 1 | D6: Unit 1 | E6: Hiragana, greetings and numbers 1 to 5 | F6: 1 | G6: Vowels: あ い う え お | H6: 2 | I6: SELECT | J6: Which one of these is "i"? | K6: い | L6: =TRUE() -> TRUE | N6: い | P6: draft | R6: =COUNTIF($A$2:$A$2000,A6) -> 3 | S6: =COUNTIFS($A$2:$A$2000,A6,$L$2:$L$2000,TRUE()) -> 1 | T6: =IF(AND(R6>=2,R6<=4,S6=1),"OK","CHECK") -> OK
A7: ja-u01-l01-c02 | B7: Japanese | C7: 1 | D7: Unit 1 | E7: Hiragana, greetings and numbers 1 to 5 | F7: 1 | G7: Vowels: あ い う え お | H7: 2 | I7: SELECT | J7: Which one of these is "i"? | K7: あ | L7: =FALSE() -> FALSE | N7: あ | P7: draft | R7: =COUNTIF($A$2:$A$2000,A7) -> 3 | S7: =COUNTIFS($A$2:$A$2000,A7,$L$2:$L$2000,TRUE()) -> 1 | T7: =IF(AND(R7>=2,R7<=4,S7=1),"OK","CHECK") -> OK
A8: ja-u01-l01-c03 | B8: Japanese | C8: 1 | D8: Unit 1 | E8: Hiragana, greetings and numbers 1 to 5 | F8: 1 | G8: Vowels: あ い う え お | H8: 3 | I8: SELECT | J8: Which one of these is "u"? | K8: う | L8: =TRUE() -> TRUE | N8: う | P8: draft | R8: =COUNTIF($A$2:$A$2000,A8) -> 3 | S8: =COUNTIFS($A$2:$A$2000,A8,$L$2:$L$2000,TRUE()) -> 1 | T8: =IF(AND(R8>=2,R8<=4,S8=1),"OK","CHECK") -> OK
A9: ja-u01-l01-c03 | B9: Japanese | C9: 1 | D9: Unit 1 | E9: Hiragana, greetings and numbers 1 to 5 | F9: 1 | G9: Vowels: あ い う え お | H9: 3 | I9: SELECT | J9: Which one of these is "u"? | K9: お | L9: =FALSE() -> FALSE | N9: お | P9: draft | R9: =COUNTIF($A$2:$A$2000,A9) -> 3 | S9: =COUNTIFS($A$2:$A$2000,A9,$L$2:$L$2000,TRUE()) -> 1 | T9: =IF(AND(R9>=2,R9<=4,S9=1),"OK","CHECK") -> OK
A10: ja-u01-l01-c03 | B10: Japanese | C10: 1 | D10: Unit 1 | E10: Hiragana, greetings and numbers 1 to 5 | F10: 1 | G10: Vowels: あ い う え お | H10: 3 | I10: SELECT | J10: Which one of these is "u"? | K10: い | L10: =FALSE() -> FALSE | N10: い | P10: draft | R10: =COUNTIF($A$2:$A$2000,A10) -> 3 | S10: =COUNTIFS($A$2:$A$2000,A10,$L$2:$L$2000,TRUE()) -> 1 | T10: =IF(AND(R10>=2,R10<=4,S10=1),"OK","CHECK") -> OK
A11: ja-u01-l01-c04 | B11: Japanese | C11: 1 | D11: Unit 1 | E11: Hiragana, greetings and numbers 1 to 5 | F11: 1 | G11: Vowels: あ い う え お | H11: 4 | I11: SELECT | J11: Which one of these is "e"? | K11: あ | L11: =FALSE() -> FALSE | N11: あ | P11: draft | R11: =COUNTIF($A$2:$A$2000,A11) -> 3 | S11: =COUNTIFS($A$2:$A$2000,A11,$L$2:$L$2000,TRUE()) -> 1 | T11: =IF(AND(R11>=2,R11<=4,S11=1),"OK","CHECK") -> OK
A12: ja-u01-l01-c04 | B12: Japanese | C12: 1 | D12: Unit 1 | E12: Hiragana, greetings and numbers 1 to 5 | F12: 1 | G12: Vowels: あ い う え お | H12: 4 | I12: SELECT | J12: Which one of these is "e"? | K12: お | L12: =FALSE() -> FALSE | N12: お | P12: draft | R12: =COUNTIF($A$2:$A$2000,A12) -> 3 | S12: =COUNTIFS($A$2:$A$2000,A12,$L$2:$L$2000,TRUE()) -> 1 | T12: =IF(AND(R12>=2,R12<=4,S12=1),"OK","CHECK") -> OK
A13: ja-u01-l01-c04 | B13: Japanese | C13: 1 | D13: Unit 1 | E13: Hiragana, greetings and numbers 1 to 5 | F13: 1 | G13: Vowels: あ い う え お | H13: 4 | I13: SELECT | J13: Which one of these is "e"? | K13: え | L13: =TRUE() -> TRUE | N13: え | P13: draft | R13: =COUNTIF($A$2:$A$2000,A13) -> 3 | S13: =COUNTIFS($A$2:$A$2000,A13,$L$2:$L$2000,TRUE()) -> 1 | T13: =IF(AND(R13>=2,R13<=4,S13=1),"OK","CHECK") -> OK
A14: ja-u01-l01-c05 | B14: Japanese | C14: 1 | D14: Unit 1 | E14: Hiragana, greetings and numbers 1 to 5 | F14: 1 | G14: Vowels: あ い う え お | H14: 5 | I14: SELECT | J14: Which one of these is "o"? | K14: お | L14: =TRUE() -> TRUE | N14: お | P14: draft | R14: =COUNTIF($A$2:$A$2000,A14) -> 3 | S14: =COUNTIFS($A$2:$A$2000,A14,$L$2:$L$2000,TRUE()) -> 1 | T14: =IF(AND(R14>=2,R14<=4,S14=1),"OK","CHECK") -> OK
A15: ja-u01-l01-c05 | B15: Japanese | C15: 1 | D15: Unit 1 | E15: Hiragana, greetings and numbers 1 to 5 | F15: 1 | G15: Vowels: あ い う え お | H15: 5 | I15: SELECT | J15: Which one of these is "o"? | K15: う | L15: =FALSE() -> FALSE | N15: う | P15: draft | R15: =COUNTIF($A$2:$A$2000,A15) -> 3 | S15: =COUNTIFS($A$2:$A$2000,A15,$L$2:$L$2000,TRUE()) -> 1 | T15: =IF(AND(R15>=2,R15<=4,S15=1),"OK","CHECK") -> OK
A16: ja-u01-l01-c05 | B16: Japanese | C16: 1 | D16: Unit 1 | E16: Hiragana, greetings and numbers 1 to 5 | F16: 1 | G16: Vowels: あ い う え お | H16: 5 | I16: SELECT | J16: Which one of these is "o"? | K16: え | L16: =FALSE() -> FALSE | N16: え | P16: draft | R16: =COUNTIF($A$2:$A$2000,A16) -> 3 | S16: =COUNTIFS($A$2:$A$2000,A16,$L$2:$L$2000,TRUE()) -> 1 | T16: =IF(AND(R16>=2,R16<=4,S16=1),"OK","CHECK") -> OK
A17: ja-u01-l01-c06 | B17: Japanese | C17: 1 | D17: Unit 1 | E17: Hiragana, greetings and numbers 1 to 5 | F17: 1 | G17: Vowels: あ い う え お | H17: 6 | I17: LISTEN | J17: Listen and choose what you hear | K17: お | L17: =FALSE() -> FALSE | N17: お | P17: draft | Q17: Single-kana audio: best recorded by a native speaker. | R17: =COUNTIF($A$2:$A$2000,A17) -> 3 | S17: =COUNTIFS($A$2:$A$2000,A17,$L$2:$L$2000,TRUE()) -> 1 | T17: =IF(AND(R17>=2,R17<=4,S17=1),"OK","CHECK") -> OK
A18: ja-u01-l01-c06 | B18: Japanese | C18: 1 | D18: Unit 1 | E18: Hiragana, greetings and numbers 1 to 5 | F18: 1 | G18: Vowels: あ い う え お | H18: 6 | I18: LISTEN | J18: Listen and choose what you hear | K18: あ | L18: =TRUE() -> TRUE | N18: あ | P18: draft | R18: =COUNTIF($A$2:$A$2000,A18) -> 3 | S18: =COUNTIFS($A$2:$A$2000,A18,$L$2:$L$2000,TRUE()) -> 1 | T18: =IF(AND(R18>=2,R18<=4,S18=1),"OK","CHECK") -> OK
A19: ja-u01-l01-c06 | B19: Japanese | C19: 1 | D19: Unit 1 | E19: Hiragana, greetings and numbers 1 to 5 | F19: 1 | G19: Vowels: あ い う え お | H19: 6 | I19: LISTEN | J19: Listen and choose what you hear | K19: い | L19: =FALSE() -> FALSE | N19: い | P19: draft | R19: =COUNTIF($A$2:$A$2000,A19) -> 3 | S19: =COUNTIFS($A$2:$A$2000,A19,$L$2:$L$2000,TRUE()) -> 1 | T19: =IF(AND(R19>=2,R19<=4,S19=1),"OK","CHECK") -> OK
A20: ja-u01-l01-c07 | B20: Japanese | C20: 1 | D20: Unit 1 | E20: Hiragana, greetings and numbers 1 to 5 | F20: 1 | G20: Vowels: あ い う え お | H20: 7 | I20: LISTEN | J20: Listen and choose what you hear | K20: い | L20: =FALSE() -> FALSE | N20: い | P20: draft | R20: =COUNTIF($A$2:$A$2000,A20) -> 3 | S20: =COUNTIFS($A$2:$A$2000,A20,$L$2:$L$2000,TRUE()) -> 1 | T20: =IF(AND(R20>=2,R20<=4,S20=1),"OK","CHECK") -> OK
A21: ja-u01-l01-c07 | B21: Japanese | C21: 1 | D21: Unit 1 | E21: Hiragana, greetings and numbers 1 to 5 | F21: 1 | G21: Vowels: あ い う え お | H21: 7 | I21: LISTEN | J21: Listen and choose what you hear | K21: え | L21: =TRUE() -> TRUE | N21: え | P21: draft | R21: =COUNTIF($A$2:$A$2000,A21) -> 3 | S21: =COUNTIFS($A$2:$A$2000,A21,$L$2:$L$2000,TRUE()) -> 1 | T21: =IF(AND(R21>=2,R21<=4,S21=1),"OK","CHECK") -> OK
A22: ja-u01-l01-c07 | B22: Japanese | C22: 1 | D22: Unit 1 | E22: Hiragana, greetings and numbers 1 to 5 | F22: 1 | G22: Vowels: あ い う え お | H22: 7 | I22: LISTEN | J22: Listen and choose what you hear | K22: お | L22: =FALSE() -> FALSE | N22: お | P22: draft | R22: =COUNTIF($A$2:$A$2000,A22) -> 3 | S22: =COUNTIFS($A$2:$A$2000,A22,$L$2:$L$2000,TRUE()) -> 1 | T22: =IF(AND(R22>=2,R22<=4,S22=1),"OK","CHECK") -> OK
A23: ja-u01-l01-c08 | B23: Japanese | C23: 1 | D23: Unit 1 | E23: Hiragana, greetings and numbers 1 to 5 | F23: 1 | G23: Vowels: あ い う え お | H23: 8 | I23: LISTEN | J23: Listen and choose what you hear | K23: う | L23: =TRUE() -> TRUE | N23: う | P23: draft | R23: =COUNTIF($A$2:$A$2000,A23) -> 3 | S23: =COUNTIFS($A$2:$A$2000,A23,$L$2:$L$2000,TRUE()) -> 1 | T23: =IF(AND(R23>=2,R23<=4,S23=1),"OK","CHECK") -> OK
A24: ja-u01-l01-c08 | B24: Japanese | C24: 1 | D24: Unit 1 | E24: Hiragana, greetings and numbers 1 to 5 | F24: 1 | G24: Vowels: あ い う え お | H24: 8 | I24: LISTEN | J24: Listen and choose what you hear | K24: あ | L24: =FALSE() -> FALSE | N24: あ | P24: draft | R24: =COUNTIF($A$2:$A$2000,A24) -> 3 | S24: =COUNTIFS($A$2:$A$2000,A24,$L$2:$L$2000,TRUE()) -> 1 | T24: =IF(AND(R24>=2,R24<=4,S24=1),"OK","CHECK") -> OK
A25: ja-u01-l01-c08 | B25: Japanese | C25: 1 | D25: Unit 1 | E25: Hiragana, greetings and numbers 1 to 5 | F25: 1 | G25: Vowels: あ い う え お | H25: 8 | I25: LISTEN | J25: Listen and choose what you hear | K25: え | L25: =FALSE() -> FALSE | N25: え | P25: draft | R25: =COUNTIF($A$2:$A$2000,A25) -> 3 | S25: =COUNTIFS($A$2:$A$2000,A25,$L$2:$L$2000,TRUE()) -> 1 | T25: =IF(AND(R25>=2,R25<=4,S25=1),"OK","CHECK") -> OK
A26: ja-u01-l02-c01 | B26: Japanese | C26: 1 | D26: Unit 1 | E26: Hiragana, greetings and numbers 1 to 5 | F26: 2 | G26: か行: か き く け こ | H26: 1 | I26: SELECT | J26: Which one of these is "ka"? | K26: か | L26: =TRUE() -> TRUE | N26: か | P26: draft | R26: =COUNTIF($A$2:$A$2000,A26) -> 3 | S26: =COUNTIFS($A$2:$A$2000,A26,$L$2:$L$2000,TRUE()) -> 1 | T26: =IF(AND(R26>=2,R26<=4,S26=1),"OK","CHECK") -> OK
A27: ja-u01-l02-c01 | B27: Japanese | C27: 1 | D27: Unit 1 | E27: Hiragana, greetings and numbers 1 to 5 | F27: 2 | G27: か行: か き く け こ | H27: 1 | I27: SELECT | J27: Which one of these is "ka"? | K27: き | L27: =FALSE() -> FALSE | N27: き | P27: draft | R27: =COUNTIF($A$2:$A$2000,A27) -> 3 | S27: =COUNTIFS($A$2:$A$2000,A27,$L$2:$L$2000,TRUE()) -> 1 | T27: =IF(AND(R27>=2,R27<=4,S27=1),"OK","CHECK") -> OK
A28: ja-u01-l02-c01 | B28: Japanese | C28: 1 | D28: Unit 1 | E28: Hiragana, greetings and numbers 1 to 5 | F28: 2 | G28: か行: か き く け こ | H28: 1 | I28: SELECT | J28: Which one of these is "ka"? | K28: く | L28: =FALSE() -> FALSE | N28: く | P28: draft | R28: =COUNTIF($A$2:$A$2000,A28) -> 3 | S28: =COUNTIFS($A$2:$A$2000,A28,$L$2:$L$2000,TRUE()) -> 1 | T28: =IF(AND(R28>=2,R28<=4,S28=1),"OK","CHECK") -> OK
A29: ja-u01-l02-c02 | B29: Japanese | C29: 1 | D29: Unit 1 | E29: Hiragana, greetings and numbers 1 to 5 | F29: 2 | G29: か行: か き く け こ | H29: 2 | I29: SELECT | J29: Which one of these is "ki"? | K29: か | L29: =FALSE() -> FALSE | N29: か | P29: draft | R29: =COUNTIF($A$2:$A$2000,A29) -> 3 | S29: =COUNTIFS($A$2:$A$2000,A29,$L$2:$L$2000,TRUE()) -> 1 | T29: =IF(AND(R29>=2,R29<=4,S29=1),"OK","CHECK") -> OK
A30: ja-u01-l02-c02 | B30: Japanese | C30: 1 | D30: Unit 1 | E30: Hiragana, greetings and numbers 1 to 5 | F30: 2 | G30: か行: か き く け こ | H30: 2 | I30: SELECT | J30: Which one of these is "ki"? | K30: き | L30: =TRUE() -> TRUE | N30: き | P30: draft | R30: =COUNTIF($A$2:$A$2000,A30) -> 3 | S30: =COUNTIFS($A$2:$A$2000,A30,$L$2:$L$2000,TRUE()) -> 1 | T30: =IF(AND(R30>=2,R30<=4,S30=1),"OK","CHECK") -> OK
A31: ja-u01-l02-c02 | B31: Japanese | C31: 1 | D31: Unit 1 | E31: Hiragana, greetings and numbers 1 to 5 | F31: 2 | G31: か行: か き く け こ | H31: 2 | I31: SELECT | J31: Which one of these is "ki"? | K31: け | L31: =FALSE() -> FALSE | N31: け | P31: draft | R31: =COUNTIF($A$2:$A$2000,A31) -> 3 | S31: =COUNTIFS($A$2:$A$2000,A31,$L$2:$L$2000,TRUE()) -> 1 | T31: =IF(AND(R31>=2,R31<=4,S31=1),"OK","CHECK") -> OK
A32: ja-u01-l02-c03 | B32: Japanese | C32: 1 | D32: Unit 1 | E32: Hiragana, greetings and numbers 1 to 5 | F32: 2 | G32: か行: か き く け こ | H32: 3 | I32: SELECT | J32: Which one of these is "ku"? | K32: こ | L32: =FALSE() -> FALSE | N32: こ | P32: draft | R32: =COUNTIF($A$2:$A$2000,A32) -> 3 | S32: =COUNTIFS($A$2:$A$2000,A32,$L$2:$L$2000,TRUE()) -> 1 | T32: =IF(AND(R32>=2,R32<=4,S32=1),"OK","CHECK") -> OK
A33: ja-u01-l02-c03 | B33: Japanese | C33: 1 | D33: Unit 1 | E33: Hiragana, greetings and numbers 1 to 5 | F33: 2 | G33: か行: か き く け こ | H33: 3 | I33: SELECT | J33: Which one of these is "ku"? | K33: く | L33: =TRUE() -> TRUE | N33: く | P33: draft | R33: =COUNTIF($A$2:$A$2000,A33) -> 3 | S33: =COUNTIFS($A$2:$A$2000,A33,$L$2:$L$2000,TRUE()) -> 1 | T33: =IF(AND(R33>=2,R33<=4,S33=1),"OK","CHECK") -> OK
A34: ja-u01-l02-c03 | B34: Japanese | C34: 1 | D34: Unit 1 | E34: Hiragana, greetings and numbers 1 to 5 | F34: 2 | G34: か行: か き く け こ | H34: 3 | I34: SELECT | J34: Which one of these is "ku"? | K34: き | L34: =FALSE() -> FALSE | N34: き | P34: draft | R34: =COUNTIF($A$2:$A$2000,A34) -> 3 | S34: =COUNTIFS($A$2:$A$2000,A34,$L$2:$L$2000,TRUE()) -> 1 | T34: =IF(AND(R34>=2,R34<=4,S34=1),"OK","CHECK") -> OK
A35: ja-u01-l02-c04 | B35: Japanese | C35: 1 | D35: Unit 1 | E35: Hiragana, greetings and numbers 1 to 5 | F35: 2 | G35: か行: か き く け こ | H35: 4 | I35: SELECT | J35: Which one of these is "ke"? | K35: く | L35: =FALSE() -> FALSE | N35: く | P35: draft | R35: =COUNTIF($A$2:$A$2000,A35) -> 3 | S35: =COUNTIFS($A$2:$A$2000,A35,$L$2:$L$2000,TRUE()) -> 1 | T35: =IF(AND(R35>=2,R35<=4,S35=1),"OK","CHECK") -> OK
A36: ja-u01-l02-c04 | B36: Japanese | C36: 1 | D36: Unit 1 | E36: Hiragana, greetings and numbers 1 to 5 | F36: 2 | G36: か行: か き く け こ | H36: 4 | I36: SELECT | J36: Which one of these is "ke"? | K36: か | L36: =FALSE() -> FALSE | N36: か | P36: draft | R36: =COUNTIF($A$2:$A$2000,A36) -> 3 | S36: =COUNTIFS($A$2:$A$2000,A36,$L$2:$L$2000,TRUE()) -> 1 | T36: =IF(AND(R36>=2,R36<=4,S36=1),"OK","CHECK") -> OK
A37: ja-u01-l02-c04 | B37: Japanese | C37: 1 | D37: Unit 1 | E37: Hiragana, greetings and numbers 1 to 5 | F37: 2 | G37: か行: か き く け こ | H37: 4 | I37: SELECT | J37: Which one of these is "ke"? | K37: け | L37: =TRUE() -> TRUE | N37: け | P37: draft | R37: =COUNTIF($A$2:$A$2000,A37) -> 3 | S37: =COUNTIFS($A$2:$A$2000,A37,$L$2:$L$2000,TRUE()) -> 1 | T37: =IF(AND(R37>=2,R37<=4,S37=1),"OK","CHECK") -> OK
A38: ja-u01-l02-c05 | B38: Japanese | C38: 1 | D38: Unit 1 | E38: Hiragana, greetings and numbers 1 to 5 | F38: 2 | G38: か行: か き く け こ | H38: 5 | I38: SELECT | J38: Which one of these is "ko"? | K38: け | L38: =FALSE() -> FALSE | N38: け | P38: draft | R38: =COUNTIF($A$2:$A$2000,A38) -> 3 | S38: =COUNTIFS($A$2:$A$2000,A38,$L$2:$L$2000,TRUE()) -> 1 | T38: =IF(AND(R38>=2,R38<=4,S38=1),"OK","CHECK") -> OK
A39: ja-u01-l02-c05 | B39: Japanese | C39: 1 | D39: Unit 1 | E39: Hiragana, greetings and numbers 1 to 5 | F39: 2 | G39: か行: か き く け こ | H39: 5 | I39: SELECT | J39: Which one of these is "ko"? | K39: こ | L39: =TRUE() -> TRUE | N39: こ | P39: draft | R39: =COUNTIF($A$2:$A$2000,A39) -> 3 | S39: =COUNTIFS($A$2:$A$2000,A39,$L$2:$L$2000,TRUE()) -> 1 | T39: =IF(AND(R39>=2,R39<=4,S39=1),"OK","CHECK") -> OK
A40: ja-u01-l02-c05 | B40: Japanese | C40: 1 | D40: Unit 1 | E40: Hiragana, greetings and numbers 1 to 5 | F40: 2 | G40: か行: か き く け こ | H40: 5 | I40: SELECT | J40: Which one of these is "ko"? | K40: く | L40: =FALSE() -> FALSE | N40: く | P40: draft | R40: =COUNTIF($A$2:$A$2000,A40) -> 3 | S40: =COUNTIFS($A$2:$A$2000,A40,$L$2:$L$2000,TRUE()) -> 1 | T40: =IF(AND(R40>=2,R40<=4,S40=1),"OK","CHECK") -> OK
A41: ja-u01-l02-c06 | B41: Japanese | C41: 1 | D41: Unit 1 | E41: Hiragana, greetings and numbers 1 to 5 | F41: 2 | G41: か行: か き く け こ | H41: 6 | I41: LISTEN | J41: Listen and choose what you hear | K41: か | L41: =FALSE() -> FALSE | N41: か | P41: draft | R41: =COUNTIF($A$2:$A$2000,A41) -> 3 | S41: =COUNTIFS($A$2:$A$2000,A41,$L$2:$L$2000,TRUE()) -> 1 | T41: =IF(AND(R41>=2,R41<=4,S41=1),"OK","CHECK") -> OK
A42: ja-u01-l02-c06 | B42: Japanese | C42: 1 | D42: Unit 1 | E42: Hiragana, greetings and numbers 1 to 5 | F42: 2 | G42: か行: か き く け こ | H42: 6 | I42: LISTEN | J42: Listen and choose what you hear | K42: く | L42: =FALSE() -> FALSE | N42: く | P42: draft | R42: =COUNTIF($A$2:$A$2000,A42) -> 3 | S42: =COUNTIFS($A$2:$A$2000,A42,$L$2:$L$2000,TRUE()) -> 1 | T42: =IF(AND(R42>=2,R42<=4,S42=1),"OK","CHECK") -> OK
A43: ja-u01-l02-c06 | B43: Japanese | C43: 1 | D43: Unit 1 | E43: Hiragana, greetings and numbers 1 to 5 | F43: 2 | G43: か行: か き く け こ | H43: 6 | I43: LISTEN | J43: Listen and choose what you hear | K43: き | L43: =TRUE() -> TRUE | N43: き | P43: draft | R43: =COUNTIF($A$2:$A$2000,A43) -> 3 | S43: =COUNTIFS($A$2:$A$2000,A43,$L$2:$L$2000,TRUE()) -> 1 | T43: =IF(AND(R43>=2,R43<=4,S43=1),"OK","CHECK") -> OK
A44: ja-u01-l02-c07 | B44: Japanese | C44: 1 | D44: Unit 1 | E44: Hiragana, greetings and numbers 1 to 5 | F44: 2 | G44: か行: か き く け こ | H44: 7 | I44: LISTEN | J44: Listen and choose what you hear | K44: け | L44: =FALSE() -> FALSE | N44: け | P44: draft | R44: =COUNTIF($A$2:$A$2000,A44) -> 3 | S44: =COUNTIFS($A$2:$A$2000,A44,$L$2:$L$2000,TRUE()) -> 1 | T44: =IF(AND(R44>=2,R44<=4,S44=1),"OK","CHECK") -> OK
A45: ja-u01-l02-c07 | B45: Japanese | C45: 1 | D45: Unit 1 | E45: Hiragana, greetings and numbers 1 to 5 | F45: 2 | G45: か行: か き く け こ | H45: 7 | I45: LISTEN | J45: Listen and choose what you hear | K45: こ | L45: =TRUE() -> TRUE | N45: こ | P45: draft | R45: =COUNTIF($A$2:$A$2000,A45) -> 3 | S45: =COUNTIFS($A$2:$A$2000,A45,$L$2:$L$2000,TRUE()) -> 1 | T45: =IF(AND(R45>=2,R45<=4,S45=1),"OK","CHECK") -> OK
A46: ja-u01-l02-c07 | B46: Japanese | C46: 1 | D46: Unit 1 | E46: Hiragana, greetings and numbers 1 to 5 | F46: 2 | G46: か行: か き く け こ | H46: 7 | I46: LISTEN | J46: Listen and choose what you hear | K46: か | L46: =FALSE() -> FALSE | N46: か | P46: draft | R46: =COUNTIF($A$2:$A$2000,A46) -> 3 | S46: =COUNTIFS($A$2:$A$2000,A46,$L$2:$L$2000,TRUE()) -> 1 | T46: =IF(AND(R46>=2,R46<=4,S46=1),"OK","CHECK") -> OK
A47: ja-u01-l02-c08 | B47: Japanese | C47: 1 | D47: Unit 1 | E47: Hiragana, greetings and numbers 1 to 5 | F47: 2 | G47: か行: か き く け こ | H47: 8 | I47: ASSIST | J47: く | K47: ku | L47: =TRUE() -> TRUE | P47: draft | Q47: The app heading reads 'Select the correct meaning' here; the answer is the romaji sound. | R47: =COUNTIF($A$2:$A$2000,A47) -> 3 | S47: =COUNTIFS($A$2:$A$2000,A47,$L$2:$L$2000,TRUE()) -> 1 | T47: =IF(AND(R47>=2,R47<=4,S47=1),"OK","CHECK") -> OK
A48: ja-u01-l02-c08 | B48: Japanese | C48: 1 | D48: Unit 1 | E48: Hiragana, greetings and numbers 1 to 5 | F48: 2 | G48: か行: か き く け こ | H48: 8 | I48: ASSIST | J48: く | K48: ki | L48: =FALSE() -> FALSE | P48: draft | R48: =COUNTIF($A$2:$A$2000,A48) -> 3 | S48: =COUNTIFS($A$2:$A$2000,A48,$L$2:$L$2000,TRUE()) -> 1 | T48: =IF(AND(R48>=2,R48<=4,S48=1),"OK","CHECK") -> OK
A49: ja-u01-l02-c08 | B49: Japanese | C49: 1 | D49: Unit 1 | E49: Hiragana, greetings and numbers 1 to 5 | F49: 2 | G49: か行: か き く け こ | H49: 8 | I49: ASSIST | J49: く | K49: ke | L49: =FALSE() -> FALSE | P49: draft | R49: =COUNTIF($A$2:$A$2000,A49) -> 3 | S49: =COUNTIFS($A$2:$A$2000,A49,$L$2:$L$2000,TRUE()) -> 1 | T49: =IF(AND(R49>=2,R49<=4,S49=1),"OK","CHECK") -> OK
A50: ja-u01-l03-c01 | B50: Japanese | C50: 1 | D50: Unit 1 | E50: Hiragana, greetings and numbers 1 to 5 | F50: 3 | G50: Greetings | H50: 1 | I50: ASSIST | J50: こんにちは (konnichiwa) | K50: goodbye | L50: =FALSE() -> FALSE | P50: draft | Q50: Written with は, pronounced wa. | R50: =COUNTIF($A$2:$A$2000,A50) -> 3 | S50: =COUNTIFS($A$2:$A$2000,A50,$L$2:$L$2000,TRUE()) -> 1 | T50: =IF(AND(R50>=2,R50<=4,S50=1),"OK","CHECK") -> OK
A51: ja-u01-l03-c01 | B51: Japanese | C51: 1 | D51: Unit 1 | E51: Hiragana, greetings and numbers 1 to 5 | F51: 3 | G51: Greetings | H51: 1 | I51: ASSIST | J51: こんにちは (konnichiwa) | K51: hello / good afternoon | L51: =TRUE() -> TRUE | P51: draft | R51: =COUNTIF($A$2:$A$2000,A51) -> 3 | S51: =COUNTIFS($A$2:$A$2000,A51,$L$2:$L$2000,TRUE()) -> 1 | T51: =IF(AND(R51>=2,R51<=4,S51=1),"OK","CHECK") -> OK
A52: ja-u01-l03-c01 | B52: Japanese | C52: 1 | D52: Unit 1 | E52: Hiragana, greetings and numbers 1 to 5 | F52: 3 | G52: Greetings | H52: 1 | I52: ASSIST | J52: こんにちは (konnichiwa) | K52: thank you | L52: =FALSE() -> FALSE | P52: draft | R52: =COUNTIF($A$2:$A$2000,A52) -> 3 | S52: =COUNTIFS($A$2:$A$2000,A52,$L$2:$L$2000,TRUE()) -> 1 | T52: =IF(AND(R52>=2,R52<=4,S52=1),"OK","CHECK") -> OK
A53: ja-u01-l03-c02 | B53: Japanese | C53: 1 | D53: Unit 1 | E53: Hiragana, greetings and numbers 1 to 5 | F53: 3 | G53: Greetings | H53: 2 | I53: ASSIST | J53: ありがとう (arigatō) | K53: thank you | L53: =TRUE() -> TRUE | P53: draft | R53: =COUNTIF($A$2:$A$2000,A53) -> 3 | S53: =COUNTIFS($A$2:$A$2000,A53,$L$2:$L$2000,TRUE()) -> 1 | T53: =IF(AND(R53>=2,R53<=4,S53=1),"OK","CHECK") -> OK
A54: ja-u01-l03-c02 | B54: Japanese | C54: 1 | D54: Unit 1 | E54: Hiragana, greetings and numbers 1 to 5 | F54: 3 | G54: Greetings | H54: 2 | I54: ASSIST | J54: ありがとう (arigatō) | K54: hello | L54: =FALSE() -> FALSE | P54: draft | R54: =COUNTIF($A$2:$A$2000,A54) -> 3 | S54: =COUNTIFS($A$2:$A$2000,A54,$L$2:$L$2000,TRUE()) -> 1 | T54: =IF(AND(R54>=2,R54<=4,S54=1),"OK","CHECK") -> OK
A55: ja-u01-l03-c02 | B55: Japanese | C55: 1 | D55: Unit 1 | E55: Hiragana, greetings and numbers 1 to 5 | F55: 3 | G55: Greetings | H55: 2 | I55: ASSIST | J55: ありがとう (arigatō) | K55: sorry | L55: =FALSE() -> FALSE | P55: draft | R55: =COUNTIF($A$2:$A$2000,A55) -> 3 | S55: =COUNTIFS($A$2:$A$2000,A55,$L$2:$L$2000,TRUE()) -> 1 | T55: =IF(AND(R55>=2,R55<=4,S55=1),"OK","CHECK") -> OK
A56: ja-u01-l03-c03 | B56: Japanese | C56: 1 | D56: Unit 1 | E56: Hiragana, greetings and numbers 1 to 5 | F56: 3 | G56: Greetings | H56: 3 | I56: LISTEN | J56: Listen and choose what you hear | K56: こんにちは (konnichiwa) | L56: =FALSE() -> FALSE | N56: こんにちは | P56: draft | R56: =COUNTIF($A$2:$A$2000,A56) -> 3 | S56: =COUNTIFS($A$2:$A$2000,A56,$L$2:$L$2000,TRUE()) -> 1 | T56: =IF(AND(R56>=2,R56<=4,S56=1),"OK","CHECK") -> OK
A57: ja-u01-l03-c03 | B57: Japanese | C57: 1 | D57: Unit 1 | E57: Hiragana, greetings and numbers 1 to 5 | F57: 3 | G57: Greetings | H57: 3 | I57: LISTEN | J57: Listen and choose what you hear | K57: さようなら (sayōnara) | L57: =FALSE() -> FALSE | N57: さようなら | P57: draft | R57: =COUNTIF($A$2:$A$2000,A57) -> 3 | S57: =COUNTIFS($A$2:$A$2000,A57,$L$2:$L$2000,TRUE()) -> 1 | T57: =IF(AND(R57>=2,R57<=4,S57=1),"OK","CHECK") -> OK
A58: ja-u01-l03-c03 | B58: Japanese | C58: 1 | D58: Unit 1 | E58: Hiragana, greetings and numbers 1 to 5 | F58: 3 | G58: Greetings | H58: 3 | I58: LISTEN | J58: Listen and choose what you hear | K58: ありがとう (arigatō) | L58: =TRUE() -> TRUE | N58: ありがとう | P58: draft | R58: =COUNTIF($A$2:$A$2000,A58) -> 3 | S58: =COUNTIFS($A$2:$A$2000,A58,$L$2:$L$2000,TRUE()) -> 1 | T58: =IF(AND(R58>=2,R58<=4,S58=1),"OK","CHECK") -> OK
A59: ja-u01-l03-c04 | B59: Japanese | C59: 1 | D59: Unit 1 | E59: Hiragana, greetings and numbers 1 to 5 | F59: 3 | G59: Greetings | H59: 4 | I59: ASSIST | J59: さようなら (sayōnara) | K59: good morning | L59: =FALSE() -> FALSE | P59: draft | R59: =COUNTIF($A$2:$A$2000,A59) -> 3 | S59: =COUNTIFS($A$2:$A$2000,A59,$L$2:$L$2000,TRUE()) -> 1 | T59: =IF(AND(R59>=2,R59<=4,S59=1),"OK","CHECK") -> OK
A60: ja-u01-l03-c04 | B60: Japanese | C60: 1 | D60: Unit 1 | E60: Hiragana, greetings and numbers 1 to 5 | F60: 3 | G60: Greetings | H60: 4 | I60: ASSIST | J60: さようなら (sayōnara) | K60: thank you | L60: =FALSE() -> FALSE | P60: draft | R60: =COUNTIF($A$2:$A$2000,A60) -> 3 | S60: =COUNTIFS($A$2:$A$2000,A60,$L$2:$L$2000,TRUE()) -> 1 | T60: =IF(AND(R60>=2,R60<=4,S60=1),"OK","CHECK") -> OK
A61: ja-u01-l03-c04 | B61: Japanese | C61: 1 | D61: Unit 1 | E61: Hiragana, greetings and numbers 1 to 5 | F61: 3 | G61: Greetings | H61: 4 | I61: ASSIST | J61: さようなら (sayōnara) | K61: goodbye | L61: =TRUE() -> TRUE | P61: draft | R61: =COUNTIF($A$2:$A$2000,A61) -> 3 | S61: =COUNTIFS($A$2:$A$2000,A61,$L$2:$L$2000,TRUE()) -> 1 | T61: =IF(AND(R61>=2,R61<=4,S61=1),"OK","CHECK") -> OK
A62: ja-u01-l03-c05 | B62: Japanese | C62: 1 | D62: Unit 1 | E62: Hiragana, greetings and numbers 1 to 5 | F62: 3 | G62: Greetings | H62: 5 | I62: ASSIST | J62: おはよう (ohayō) | K62: good evening | L62: =FALSE() -> FALSE | P62: draft | R62: =COUNTIF($A$2:$A$2000,A62) -> 3 | S62: =COUNTIFS($A$2:$A$2000,A62,$L$2:$L$2000,TRUE()) -> 1 | T62: =IF(AND(R62>=2,R62<=4,S62=1),"OK","CHECK") -> OK
A63: ja-u01-l03-c05 | B63: Japanese | C63: 1 | D63: Unit 1 | E63: Hiragana, greetings and numbers 1 to 5 | F63: 3 | G63: Greetings | H63: 5 | I63: ASSIST | J63: おはよう (ohayō) | K63: good morning | L63: =TRUE() -> TRUE | P63: draft | R63: =COUNTIF($A$2:$A$2000,A63) -> 3 | S63: =COUNTIFS($A$2:$A$2000,A63,$L$2:$L$2000,TRUE()) -> 1 | T63: =IF(AND(R63>=2,R63<=4,S63=1),"OK","CHECK") -> OK
A64: ja-u01-l03-c05 | B64: Japanese | C64: 1 | D64: Unit 1 | E64: Hiragana, greetings and numbers 1 to 5 | F64: 3 | G64: Greetings | H64: 5 | I64: ASSIST | J64: おはよう (ohayō) | K64: goodbye | L64: =FALSE() -> FALSE | P64: draft | R64: =COUNTIF($A$2:$A$2000,A64) -> 3 | S64: =COUNTIFS($A$2:$A$2000,A64,$L$2:$L$2000,TRUE()) -> 1 | T64: =IF(AND(R64>=2,R64<=4,S64=1),"OK","CHECK") -> OK
A65: ja-u01-l03-c06 | B65: Japanese | C65: 1 | D65: Unit 1 | E65: Hiragana, greetings and numbers 1 to 5 | F65: 3 | G65: Greetings | H65: 6 | I65: SELECT | J65: Which one of these is "thank you"? | K65: おはよう (ohayō) | L65: =FALSE() -> FALSE | N65: おはよう | P65: draft | R65: =COUNTIF($A$2:$A$2000,A65) -> 3 | S65: =COUNTIFS($A$2:$A$2000,A65,$L$2:$L$2000,TRUE()) -> 1 | T65: =IF(AND(R65>=2,R65<=4,S65=1),"OK","CHECK") -> OK
A66: ja-u01-l03-c06 | B66: Japanese | C66: 1 | D66: Unit 1 | E66: Hiragana, greetings and numbers 1 to 5 | F66: 3 | G66: Greetings | H66: 6 | I66: SELECT | J66: Which one of these is "thank you"? | K66: さようなら (sayōnara) | L66: =FALSE() -> FALSE | N66: さようなら | P66: draft | R66: =COUNTIF($A$2:$A$2000,A66) -> 3 | S66: =COUNTIFS($A$2:$A$2000,A66,$L$2:$L$2000,TRUE()) -> 1 | T66: =IF(AND(R66>=2,R66<=4,S66=1),"OK","CHECK") -> OK
A67: ja-u01-l03-c06 | B67: Japanese | C67: 1 | D67: Unit 1 | E67: Hiragana, greetings and numbers 1 to 5 | F67: 3 | G67: Greetings | H67: 6 | I67: SELECT | J67: Which one of these is "thank you"? | K67: ありがとう (arigatō) | L67: =TRUE() -> TRUE | N67: ありがとう | P67: draft | R67: =COUNTIF($A$2:$A$2000,A67) -> 3 | S67: =COUNTIFS($A$2:$A$2000,A67,$L$2:$L$2000,TRUE()) -> 1 | T67: =IF(AND(R67>=2,R67<=4,S67=1),"OK","CHECK") -> OK
A68: ja-u01-l03-c07 | B68: Japanese | C68: 1 | D68: Unit 1 | E68: Hiragana, greetings and numbers 1 to 5 | F68: 3 | G68: Greetings | H68: 7 | I68: ASSIST | J68: すみません (sumimasen) | K68: thank you | L68: =FALSE() -> FALSE | P68: draft | R68: =COUNTIF($A$2:$A$2000,A68) -> 3 | S68: =COUNTIFS($A$2:$A$2000,A68,$L$2:$L$2000,TRUE()) -> 1 | T68: =IF(AND(R68>=2,R68<=4,S68=1),"OK","CHECK") -> OK
A69: ja-u01-l03-c07 | B69: Japanese | C69: 1 | D69: Unit 1 | E69: Hiragana, greetings and numbers 1 to 5 | F69: 3 | G69: Greetings | H69: 7 | I69: ASSIST | J69: すみません (sumimasen) | K69: hello | L69: =FALSE() -> FALSE | P69: draft | R69: =COUNTIF($A$2:$A$2000,A69) -> 3 | S69: =COUNTIFS($A$2:$A$2000,A69,$L$2:$L$2000,TRUE()) -> 1 | T69: =IF(AND(R69>=2,R69<=4,S69=1),"OK","CHECK") -> OK
A70: ja-u01-l03-c07 | B70: Japanese | C70: 1 | D70: Unit 1 | E70: Hiragana, greetings and numbers 1 to 5 | F70: 3 | G70: Greetings | H70: 7 | I70: ASSIST | J70: すみません (sumimasen) | K70: excuse me / sorry | L70: =TRUE() -> TRUE | P70: draft | R70: =COUNTIF($A$2:$A$2000,A70) -> 3 | S70: =COUNTIFS($A$2:$A$2000,A70,$L$2:$L$2000,TRUE()) -> 1 | T70: =IF(AND(R70>=2,R70<=4,S70=1),"OK","CHECK") -> OK
A71: ja-u01-l03-c08 | B71: Japanese | C71: 1 | D71: Unit 1 | E71: Hiragana, greetings and numbers 1 to 5 | F71: 3 | G71: Greetings | H71: 8 | I71: LISTEN | J71: Listen and choose what you hear | K71: おはよう (ohayō) | L71: =TRUE() -> TRUE | N71: おはよう | P71: draft | R71: =COUNTIF($A$2:$A$2000,A71) -> 3 | S71: =COUNTIFS($A$2:$A$2000,A71,$L$2:$L$2000,TRUE()) -> 1 | T71: =IF(AND(R71>=2,R71<=4,S71=1),"OK","CHECK") -> OK
A72: ja-u01-l03-c08 | B72: Japanese | C72: 1 | D72: Unit 1 | E72: Hiragana, greetings and numbers 1 to 5 | F72: 3 | G72: Greetings | H72: 8 | I72: LISTEN | J72: Listen and choose what you hear | K72: こんにちは (konnichiwa) | L72: =FALSE() -> FALSE | N72: こんにちは | P72: draft | R72: =COUNTIF($A$2:$A$2000,A72) -> 3 | S72: =COUNTIFS($A$2:$A$2000,A72,$L$2:$L$2000,TRUE()) -> 1 | T72: =IF(AND(R72>=2,R72<=4,S72=1),"OK","CHECK") -> OK
A73: ja-u01-l03-c08 | B73: Japanese | C73: 1 | D73: Unit 1 | E73: Hiragana, greetings and numbers 1 to 5 | F73: 3 | G73: Greetings | H73: 8 | I73: LISTEN | J73: Listen and choose what you hear | K73: すみません (sumimasen) | L73: =FALSE() -> FALSE | N73: すみません | P73: draft | R73: =COUNTIF($A$2:$A$2000,A73) -> 3 | S73: =COUNTIFS($A$2:$A$2000,A73,$L$2:$L$2000,TRUE()) -> 1 | T73: =IF(AND(R73>=2,R73<=4,S73=1),"OK","CHECK") -> OK
A74: ja-u01-l04-c01 | B74: Japanese | C74: 1 | D74: Unit 1 | E74: Hiragana, greetings and numbers 1 to 5 | F74: 4 | G74: Yes, no and introductions | H74: 1 | I74: ASSIST | J74: はい (hai) | K74: yes | L74: =TRUE() -> TRUE | P74: draft | R74: =COUNTIF($A$2:$A$2000,A74) -> 3 | S74: =COUNTIFS($A$2:$A$2000,A74,$L$2:$L$2000,TRUE()) -> 1 | T74: =IF(AND(R74>=2,R74<=4,S74=1),"OK","CHECK") -> OK
A75: ja-u01-l04-c01 | B75: Japanese | C75: 1 | D75: Unit 1 | E75: Hiragana, greetings and numbers 1 to 5 | F75: 4 | G75: Yes, no and introductions | H75: 1 | I75: ASSIST | J75: はい (hai) | K75: no | L75: =FALSE() -> FALSE | P75: draft | R75: =COUNTIF($A$2:$A$2000,A75) -> 3 | S75: =COUNTIFS($A$2:$A$2000,A75,$L$2:$L$2000,TRUE()) -> 1 | T75: =IF(AND(R75>=2,R75<=4,S75=1),"OK","CHECK") -> OK
A76: ja-u01-l04-c01 | B76: Japanese | C76: 1 | D76: Unit 1 | E76: Hiragana, greetings and numbers 1 to 5 | F76: 4 | G76: Yes, no and introductions | H76: 1 | I76: ASSIST | J76: はい (hai) | K76: hello | L76: =FALSE() -> FALSE | P76: draft | R76: =COUNTIF($A$2:$A$2000,A76) -> 3 | S76: =COUNTIFS($A$2:$A$2000,A76,$L$2:$L$2000,TRUE()) -> 1 | T76: =IF(AND(R76>=2,R76<=4,S76=1),"OK","CHECK") -> OK
A77: ja-u01-l04-c02 | B77: Japanese | C77: 1 | D77: Unit 1 | E77: Hiragana, greetings and numbers 1 to 5 | F77: 4 | G77: Yes, no and introductions | H77: 2 | I77: ASSIST | J77: いいえ (iie) | K77: yes | L77: =FALSE() -> FALSE | P77: draft | R77: =COUNTIF($A$2:$A$2000,A77) -> 3 | S77: =COUNTIFS($A$2:$A$2000,A77,$L$2:$L$2000,TRUE()) -> 1 | T77: =IF(AND(R77>=2,R77<=4,S77=1),"OK","CHECK") -> OK
A78: ja-u01-l04-c02 | B78: Japanese | C78: 1 | D78: Unit 1 | E78: Hiragana, greetings and numbers 1 to 5 | F78: 4 | G78: Yes, no and introductions | H78: 2 | I78: ASSIST | J78: いいえ (iie) | K78: thank you | L78: =FALSE() -> FALSE | P78: draft | R78: =COUNTIF($A$2:$A$2000,A78) -> 3 | S78: =COUNTIFS($A$2:$A$2000,A78,$L$2:$L$2000,TRUE()) -> 1 | T78: =IF(AND(R78>=2,R78<=4,S78=1),"OK","CHECK") -> OK
A79: ja-u01-l04-c02 | B79: Japanese | C79: 1 | D79: Unit 1 | E79: Hiragana, greetings and numbers 1 to 5 | F79: 4 | G79: Yes, no and introductions | H79: 2 | I79: ASSIST | J79: いいえ (iie) | K79: no | L79: =TRUE() -> TRUE | P79: draft | R79: =COUNTIF($A$2:$A$2000,A79) -> 3 | S79: =COUNTIFS($A$2:$A$2000,A79,$L$2:$L$2000,TRUE()) -> 1 | T79: =IF(AND(R79>=2,R79<=4,S79=1),"OK","CHECK") -> OK
A80: ja-u01-l04-c03 | B80: Japanese | C80: 1 | D80: Unit 1 | E80: Hiragana, greetings and numbers 1 to 5 | F80: 4 | G80: Yes, no and introductions | H80: 3 | I80: LISTEN | J80: Listen and choose what you hear | K80: はい (hai) | L80: =TRUE() -> TRUE | N80: はい | P80: draft | R80: =COUNTIF($A$2:$A$2000,A80) -> 3 | S80: =COUNTIFS($A$2:$A$2000,A80,$L$2:$L$2000,TRUE()) -> 1 | T80: =IF(AND(R80>=2,R80<=4,S80=1),"OK","CHECK") -> OK
A81: ja-u01-l04-c03 | B81: Japanese | C81: 1 | D81: Unit 1 | E81: Hiragana, greetings and numbers 1 to 5 | F81: 4 | G81: Yes, no and introductions | H81: 3 | I81: LISTEN | J81: Listen and choose what you hear | K81: いいえ (iie) | L81: =FALSE() -> FALSE | N81: いいえ | P81: draft | R81: =COUNTIF($A$2:$A$2000,A81) -> 3 | S81: =COUNTIFS($A$2:$A$2000,A81,$L$2:$L$2000,TRUE()) -> 1 | T81: =IF(AND(R81>=2,R81<=4,S81=1),"OK","CHECK") -> OK
A82: ja-u01-l04-c03 | B82: Japanese | C82: 1 | D82: Unit 1 | E82: Hiragana, greetings and numbers 1 to 5 | F82: 4 | G82: Yes, no and introductions | H82: 3 | I82: LISTEN | J82: Listen and choose what you hear | K82: こんにちは (konnichiwa) | L82: =FALSE() -> FALSE | N82: こんにちは | P82: draft | R82: =COUNTIF($A$2:$A$2000,A82) -> 3 | S82: =COUNTIFS($A$2:$A$2000,A82,$L$2:$L$2000,TRUE()) -> 1 | T82: =IF(AND(R82>=2,R82<=4,S82=1),"OK","CHECK") -> OK
A83: ja-u01-l04-c04 | B83: Japanese | C83: 1 | D83: Unit 1 | E83: Hiragana, greetings and numbers 1 to 5 | F83: 4 | G83: Yes, no and introductions | H83: 4 | I83: ASSIST | J83: わたし (watashi) | K83: I / me | L83: =TRUE() -> TRUE | P83: draft | R83: =COUNTIF($A$2:$A$2000,A83) -> 3 | S83: =COUNTIFS($A$2:$A$2000,A83,$L$2:$L$2000,TRUE()) -> 1 | T83: =IF(AND(R83>=2,R83<=4,S83=1),"OK","CHECK") -> OK
A84: ja-u01-l04-c04 | B84: Japanese | C84: 1 | D84: Unit 1 | E84: Hiragana, greetings and numbers 1 to 5 | F84: 4 | G84: Yes, no and introductions | H84: 4 | I84: ASSIST | J84: わたし (watashi) | K84: you | L84: =FALSE() -> FALSE | P84: draft | R84: =COUNTIF($A$2:$A$2000,A84) -> 3 | S84: =COUNTIFS($A$2:$A$2000,A84,$L$2:$L$2000,TRUE()) -> 1 | T84: =IF(AND(R84>=2,R84<=4,S84=1),"OK","CHECK") -> OK
A85: ja-u01-l04-c04 | B85: Japanese | C85: 1 | D85: Unit 1 | E85: Hiragana, greetings and numbers 1 to 5 | F85: 4 | G85: Yes, no and introductions | H85: 4 | I85: ASSIST | J85: わたし (watashi) | K85: yes | L85: =FALSE() -> FALSE | P85: draft | R85: =COUNTIF($A$2:$A$2000,A85) -> 3 | S85: =COUNTIFS($A$2:$A$2000,A85,$L$2:$L$2000,TRUE()) -> 1 | T85: =IF(AND(R85>=2,R85<=4,S85=1),"OK","CHECK") -> OK
A86: ja-u01-l04-c05 | B86: Japanese | C86: 1 | D86: Unit 1 | E86: Hiragana, greetings and numbers 1 to 5 | F86: 4 | G86: Yes, no and introductions | H86: 5 | I86: ASSIST | J86: はじめまして (hajimemashite) | K86: Goodbye | L86: =FALSE() -> FALSE | P86: draft | R86: =COUNTIF($A$2:$A$2000,A86) -> 3 | S86: =COUNTIFS($A$2:$A$2000,A86,$L$2:$L$2000,TRUE()) -> 1 | T86: =IF(AND(R86>=2,R86<=4,S86=1),"OK","CHECK") -> OK
A87: ja-u01-l04-c05 | B87: Japanese | C87: 1 | D87: Unit 1 | E87: Hiragana, greetings and numbers 1 to 5 | F87: 4 | G87: Yes, no and introductions | H87: 5 | I87: ASSIST | J87: はじめまして (hajimemashite) | K87: Nice to meet you | L87: =TRUE() -> TRUE | P87: draft | R87: =COUNTIF($A$2:$A$2000,A87) -> 3 | S87: =COUNTIFS($A$2:$A$2000,A87,$L$2:$L$2000,TRUE()) -> 1 | T87: =IF(AND(R87>=2,R87<=4,S87=1),"OK","CHECK") -> OK
A88: ja-u01-l04-c05 | B88: Japanese | C88: 1 | D88: Unit 1 | E88: Hiragana, greetings and numbers 1 to 5 | F88: 4 | G88: Yes, no and introductions | H88: 5 | I88: ASSIST | J88: はじめまして (hajimemashite) | K88: Thank you | L88: =FALSE() -> FALSE | P88: draft | R88: =COUNTIF($A$2:$A$2000,A88) -> 3 | S88: =COUNTIFS($A$2:$A$2000,A88,$L$2:$L$2000,TRUE()) -> 1 | T88: =IF(AND(R88>=2,R88<=4,S88=1),"OK","CHECK") -> OK
A89: ja-u01-l04-c06 | B89: Japanese | C89: 1 | D89: Unit 1 | E89: Hiragana, greetings and numbers 1 to 5 | F89: 4 | G89: Yes, no and introductions | H89: 6 | I89: SELECT | J89: Which one of these is "I am Ana"? | K89: はじめまして (hajimemashite) | L89: =FALSE() -> FALSE | N89: はじめまして | P89: draft | Q89: アナ is katakana, which comes in a later unit; it is only a name here. | R89: =COUNTIF($A$2:$A$2000,A89) -> 3 | S89: =COUNTIFS($A$2:$A$2000,A89,$L$2:$L$2000,TRUE()) -> 1 | T89: =IF(AND(R89>=2,R89<=4,S89=1),"OK","CHECK") -> OK
A90: ja-u01-l04-c06 | B90: Japanese | C90: 1 | D90: Unit 1 | E90: Hiragana, greetings and numbers 1 to 5 | F90: 4 | G90: Yes, no and introductions | H90: 6 | I90: SELECT | J90: Which one of these is "I am Ana"? | K90: わたしは アナです (watashi wa Ana desu) | L90: =TRUE() -> TRUE | N90: わたしは アナです | P90: draft | R90: =COUNTIF($A$2:$A$2000,A90) -> 3 | S90: =COUNTIFS($A$2:$A$2000,A90,$L$2:$L$2000,TRUE()) -> 1 | T90: =IF(AND(R90>=2,R90<=4,S90=1),"OK","CHECK") -> OK
A91: ja-u01-l04-c06 | B91: Japanese | C91: 1 | D91: Unit 1 | E91: Hiragana, greetings and numbers 1 to 5 | F91: 4 | G91: Yes, no and introductions | H91: 6 | I91: SELECT | J91: Which one of these is "I am Ana"? | K91: ありがとう (arigatō) | L91: =FALSE() -> FALSE | N91: ありがとう | P91: draft | R91: =COUNTIF($A$2:$A$2000,A91) -> 3 | S91: =COUNTIFS($A$2:$A$2000,A91,$L$2:$L$2000,TRUE()) -> 1 | T91: =IF(AND(R91>=2,R91<=4,S91=1),"OK","CHECK") -> OK
A92: ja-u01-l04-c07 | B92: Japanese | C92: 1 | D92: Unit 1 | E92: Hiragana, greetings and numbers 1 to 5 | F92: 4 | G92: Yes, no and introductions | H92: 7 | I92: ASSIST | J92: わたしは アナです (watashi wa Ana desu) | K92: I am Ana. | L92: =TRUE() -> TRUE | P92: draft | R92: =COUNTIF($A$2:$A$2000,A92) -> 3 | S92: =COUNTIFS($A$2:$A$2000,A92,$L$2:$L$2000,TRUE()) -> 1 | T92: =IF(AND(R92>=2,R92<=4,S92=1),"OK","CHECK") -> OK
A93: ja-u01-l04-c07 | B93: Japanese | C93: 1 | D93: Unit 1 | E93: Hiragana, greetings and numbers 1 to 5 | F93: 4 | G93: Yes, no and introductions | H93: 7 | I93: ASSIST | J93: わたしは アナです (watashi wa Ana desu) | K93: Ana is my friend. | L93: =FALSE() -> FALSE | P93: draft | R93: =COUNTIF($A$2:$A$2000,A93) -> 3 | S93: =COUNTIFS($A$2:$A$2000,A93,$L$2:$L$2000,TRUE()) -> 1 | T93: =IF(AND(R93>=2,R93<=4,S93=1),"OK","CHECK") -> OK
A94: ja-u01-l04-c07 | B94: Japanese | C94: 1 | D94: Unit 1 | E94: Hiragana, greetings and numbers 1 to 5 | F94: 4 | G94: Yes, no and introductions | H94: 7 | I94: ASSIST | J94: わたしは アナです (watashi wa Ana desu) | K94: Where is Ana? | L94: =FALSE() -> FALSE | P94: draft | R94: =COUNTIF($A$2:$A$2000,A94) -> 3 | S94: =COUNTIFS($A$2:$A$2000,A94,$L$2:$L$2000,TRUE()) -> 1 | T94: =IF(AND(R94>=2,R94<=4,S94=1),"OK","CHECK") -> OK
A95: ja-u01-l04-c08 | B95: Japanese | C95: 1 | D95: Unit 1 | E95: Hiragana, greetings and numbers 1 to 5 | F95: 4 | G95: Yes, no and introductions | H95: 8 | I95: LISTEN | J95: Listen and choose what you hear | K95: はじめまして (hajimemashite) | L95: =TRUE() -> TRUE | N95: はじめまして | P95: draft | R95: =COUNTIF($A$2:$A$2000,A95) -> 3 | S95: =COUNTIFS($A$2:$A$2000,A95,$L$2:$L$2000,TRUE()) -> 1 | T95: =IF(AND(R95>=2,R95<=4,S95=1),"OK","CHECK") -> OK
A96: ja-u01-l04-c08 | B96: Japanese | C96: 1 | D96: Unit 1 | E96: Hiragana, greetings and numbers 1 to 5 | F96: 4 | G96: Yes, no and introductions | H96: 8 | I96: LISTEN | J96: Listen and choose what you hear | K96: はい (hai) | L96: =FALSE() -> FALSE | N96: はい | P96: draft | R96: =COUNTIF($A$2:$A$2000,A96) -> 3 | S96: =COUNTIFS($A$2:$A$2000,A96,$L$2:$L$2000,TRUE()) -> 1 | T96: =IF(AND(R96>=2,R96<=4,S96=1),"OK","CHECK") -> OK
A97: ja-u01-l04-c08 | B97: Japanese | C97: 1 | D97: Unit 1 | E97: Hiragana, greetings and numbers 1 to 5 | F97: 4 | G97: Yes, no and introductions | H97: 8 | I97: LISTEN | J97: Listen and choose what you hear | K97: さようなら (sayōnara) | L97: =FALSE() -> FALSE | N97: さようなら | P97: draft | R97: =COUNTIF($A$2:$A$2000,A97) -> 3 | S97: =COUNTIFS($A$2:$A$2000,A97,$L$2:$L$2000,TRUE()) -> 1 | T97: =IF(AND(R97>=2,R97<=4,S97=1),"OK","CHECK") -> OK
A98: ja-u01-l05-c01 | B98: Japanese | C98: 1 | D98: Unit 1 | E98: Hiragana, greetings and numbers 1 to 5 | F98: 5 | G98: Numbers 1 to 5 | H98: 1 | I98: ASSIST | J98: いち (ichi) | K98: two | L98: =FALSE() -> FALSE | P98: draft | R98: =COUNTIF($A$2:$A$2000,A98) -> 3 | S98: =COUNTIFS($A$2:$A$2000,A98,$L$2:$L$2000,TRUE()) -> 1 | T98: =IF(AND(R98>=2,R98<=4,S98=1),"OK","CHECK") -> OK
A99: ja-u01-l05-c01 | B99: Japanese | C99: 1 | D99: Unit 1 | E99: Hiragana, greetings and numbers 1 to 5 | F99: 5 | G99: Numbers 1 to 5 | H99: 1 | I99: ASSIST | J99: いち (ichi) | K99: one | L99: =TRUE() -> TRUE | P99: draft | R99: =COUNTIF($A$2:$A$2000,A99) -> 3 | S99: =COUNTIFS($A$2:$A$2000,A99,$L$2:$L$2000,TRUE()) -> 1 | T99: =IF(AND(R99>=2,R99<=4,S99=1),"OK","CHECK") -> OK
A100: ja-u01-l05-c01 | B100: Japanese | C100: 1 | D100: Unit 1 | E100: Hiragana, greetings and numbers 1 to 5 | F100: 5 | G100: Numbers 1 to 5 | H100: 1 | I100: ASSIST | J100: いち (ichi) | K100: three | L100: =FALSE() -> FALSE | P100: draft | R100: =COUNTIF($A$2:$A$2000,A100) -> 3 | S100: =COUNTIFS($A$2:$A$2000,A100,$L$2:$L$2000,TRUE()) -> 1 | T100: =IF(AND(R100>=2,R100<=4,S100=1),"OK","CHECK") -> OK
...

Sheet checks
A1: Checks (all values are formulas over the content sheet)
A3: Option rows | B3: =COUNTA(content!A2:A2000) -> 120 | C3: Every row is one answer option.
A4: Challenges: SELECT | B4: =COUNTIFS(content!I2:I2000,"SELECT",content!L2:L2000,TRUE()) -> 13 | C4: Counts the correct option of each SELECT challenge.
A5: Challenges: ASSIST | B5: =COUNTIFS(content!I2:I2000,"ASSIST",content!L2:L2000,TRUE()) -> 16 | C5: Counts the correct option of each ASSIST challenge.
A6: Challenges: LISTEN | B6: =COUNTIFS(content!I2:I2000,"LISTEN",content!L2:L2000,TRUE()) -> 11 | C6: Counts the correct option of each LISTEN challenge.
A7: Challenges: total | B7: =B4+B5+B6 -> 40
A8: Rows flagged CHECK | B8: =COUNTIF(content!T2:T2000,"CHECK") -> 0 | C8: Must be 0: every challenge needs 2 to 4 options and exactly one correct.
A9: Rows with status draft | B9: =COUNTIF(content!P2:P2000,"draft") -> 120 | C9: Not imported to production.
A10: Rows with status reviewed | B10: =COUNTIF(content!P2:P2000,"reviewed") -> 0 | C10: Checked by a native speaker; eligible for production.
A11: Rows with status rejected | B11: =COUNTIF(content!P2:P2000,"rejected") -> 0 | C11: Ignored by the import.
